items,batch_prepend_ms,batch_prepend_ms_std,batch_prepend_alt_ms,batch_prepend_alt_ms_std
1,0.00021983338835222335,0.00015095738917793688,0.00023626662368769757,0.00014427009447301543
2,0.00022770000214222819,4.0807567266179516e-05,0.00026686669419480796,3.8011561502868465e-05
5,0.0005888999112357851,7.294648997344623e-05,0.0006839332854724489,7.507917936008629e-05
10,0.001159833270018377,7.753612198688698e-05,0.0013176001023869806,9.052708485139278e-05
100,0.01182490010857388,0.0006349670776749623,0.014080733399168821,0.0014872616974337348
1000,0.1426943666956504,0.00969657141718283,0.16214323325887867,0.035368399585767596
10000,1.970374233314942,0.3884703776178752,2.1559606667627427,0.23362449171239988
100000,50.25629993324401,3.7120087570932965,60.41354883321522,3.7826905962364314
